id,submitted_at,role,experience_years,industry,region,lifecycle_stage,funding_raised,employee_count,b1_primary_metric,b2_nsm_familiarity,b3_nsm_defined,b4_nsm_revised,b5_okr_familiarity,b6_okr_use,b7_experiments,b8_data_driven,b9_nsm_name,c1_value_alignment,c2_measurability,c3_actionability,c4_predictive_power,c5_team_alignment,c6_gaming_resistance,c7_experiment_sensitivity,c8_strategic_fit,d1_best_criterion,d2_worst_criterion,d3_best_to_others,d4_others_to_worst,e_metric_ratings,e1_other_metric,f1_selection_method,f2_changed_nsm,f2a_change_reason,f3_comments,b_business_model,b_growth_stage,bm_archetype
7a7a246c-11c3-479f-aa0f-ac07246feee7,2026-05-14 09:49:07.143439+00,ceo,lt2,Beauty and cosmetics,italy,seed,bootstrapped,1_10,3,heard_not_use,2,2,use_occasionally,2,4,3,null,7,7,6,5,6,5,6,7,value_alignment,predictive_power,"{""strategicfit"":8,""actionability"":8,""measurability"":8,""teamalignment"":8,""predictivepower"":8,""gamingresistance"":8,""experimentsensitivity"":8}","{""strategicfit"":8,""actionability"":8,""measurability"":8,""teamalignment"":8,""valuealignment"":8,""gamingresistance"":8,""experimentsensitivity"":8}","{""clv"":{""strategicfit"":5,""actionability"":4,""measurability"":4,""teamalignment"":4,""valuealignment"":4,""predictivepower"":4,""gamingresistance"":4,""experimentsensitivity"":4},""dau"":{""strategicfit"":""na"",""actionability"":""na"",""measurability"":""na"",""teamalignment"":""na"",""valuealignment"":""na"",""predictivepower"":""na"",""gamingresistance"":""na"",""experimentsensitivity"":""na""},""mrr"":{""strategicfit"":4,""actionability"":4,""measurability"":4,""teamalignment"":4,""valuealignment"":4,""predictivepower"":4,""gamingresistance"":4,""experimentsensitivity"":4},""retention"":{""strategicfit"":5,""actionability"":5,""measurability"":5,""teamalignment"":4,""valuealignment"":5,""predictivepower"":4,""gamingresistance"":4,""experimentsensitivity"":4}}",Monthly revenues. Just because we just started,leadership_decision,no,null,null,null,null,NA
66f85636-c3fb-4c43-a88c-d7277e67a748,2026-05-14 19:05:09.775065+00,marketing_manager,2to5,ecommerce,mea,early_growth,lt500k,11_50,3,use_occasionally,2,2,use_occasionally,4,5,4,Monthly orders,6,5,6,5,7,3,5,7,strategic_fit,experiment_sensitivity,"{""actionability"":9,""measurability"":9,""teamalignment"":6,""valuealignment"":9,""predictivepower"":8,""gamingresistance"":5,""experimentsensitivity"":3}","{""strategicfit"":9,""actionability"":9,""measurability"":9,""teamalignment"":6,""valuealignment"":9,""predictivepower"":8,""gamingresistance"":5}","{""clv"":{""strategicfit"":5,""actionability"":5,""measurability"":4,""teamalignment"":3,""valuealignment"":4,""predictivepower"":5,""gamingresistance"":3,""experimentsensitivity"":2},""dau"":{""strategicfit"":5,""actionability"":5,""measurability"":5,""teamalignment"":5,""valuealignment"":5,""predictivepower"":5,""gamingresistance"":5,""experimentsensitivity"":5},""mrr"":{""strategicfit"":5,""actionability"":4,""measurability"":4,""teamalignment"":4,""valuealignment"":5,""predictivepower"":4,""gamingresistance"":3,""experimentsensitivity"":2},""nps"":{""strategicfit"":5,""actionability"":3,""measurability"":4,""teamalignment"":3,""valuealignment"":4,""predictivepower"":5,""gamingresistance"":3,""experimentsensitivity"":3},""retention"":{""strategicfit"":5,""actionability"":5,""measurability"":5,""teamalignment"":2,""valuealignment"":4,""predictivepower"":5,""gamingresistance"":3,""experimentsensitivity"":2},""featureadoption"":{""strategicfit"":5,""actionability"":3,""measurability"":4,""teamalignment"":3,""valuealignment"":4,""predictivepower"":5,""gamingresistance"":4,""experimentsensitivity"":2}}",null,formal_process,yes,Feedbacks and information from market research,null,ecommerce,series_b,BM2
b956ad88-38c7-484c-93f0-8100e84da9dd,2026-05-25 16:33:17.432145+00,founder,5to10,saas,mea,early_growth,bootstrapped,11_50,5,use_regularly,5,4,use_regularly,5,5,5,Weekly Active Teams,7,7,6,7,7,6,6,7,value_alignment,experiment_sensitivity,"{""strategicfit"":2,""actionability"":4,""measurability"":3,""teamalignment"":4,""predictivepower"":5,""gamingresistance"":6,""experimentsensitivity"":8}","{""strategicfit"":7,""actionability"":6,""measurability"":5,""teamalignment"":5,""valuealignment"":8,""predictivepower"":7,""gamingresistance"":4}","{""clv"":{""strategicfit"":3,""actionability"":2,""measurability"":3,""teamalignment"":3,""valuealignment"":3,""predictivepower"":4,""gamingresistance"":2,""experimentsensitivity"":2},""dau"":{""strategicfit"":5,""actionability"":5,""measurability"":5,""teamalignment"":5,""valuealignment"":5,""predictivepower"":4,""gamingresistance"":3,""experimentsensitivity"":5},""mrr"":{""strategicfit"":5,""actionability"":4,""measurability"":5,""teamalignment"":4,""valuealignment"":4,""predictivepower"":5,""gamingresistance"":3,""experimentsensitivity"":3},""nps"":{""strategicfit"":2,""actionability"":2,""measurability"":2,""teamalignment"":3,""valuealignment"":3,""predictivepower"":3,""gamingresistance"":2,""experimentsensitivity"":2},""retention"":{""strategicfit"":5,""actionability"":4,""measurability"":4,""teamalignment"":5,""valuealignment"":5,""predictivepower"":5,""gamingresistance"":4,""experimentsensitivity"":4},""featureadoption"":{""strategicfit"":4,""actionability"":5,""measurability"":4,""teamalignment"":4,""valuealignment"":4,""predictivepower"":4,""gamingresistance"":3,""experimentsensitivity"":5}}","Activation to Value Rate, measures how quickly new teams reach their first meaningful outcome in the product, because it strongly correlates with long term retention and expansion.",formal_process,yes,We shifted from a pure activity-based metric to a value-delivery metric because growth in usage alone did not consistently predict long-term retention and customer expansion. The updated metric better reflected meaningful customer outcomes and strategic direction.,We found that the best North Star Metrics evolve with the company stage and product maturity. Metrics that strongly reflect delivered customer value and long-term retention tend to create better alignment across teams than purely revenue-focused KPIs. We also believe metric simplicity and organization-wide clarity are critical for adoption.,saas,series_a,BM1
1ca8bcd2-157c-449c-b6d1-2d411551c755,2026-05-26 05:40:28.404072+00,marketing_manager,2to5,saas,mea,mature,bootstrapped,1_10,1,heard_not_use,1,1,use_occasionally,3,5,5,null,6,3,6,5,2,3,3,7,measurability,predictive_power,"{""strategicfit"":3,""actionability"":5,""teamalignment"":4,""valuealignment"":6,""predictivepower"":8,""gamingresistance"":2,""experimentsensitivity"":7}","{""strategicfit"":1,""actionability"":1,""measurability"":1,""teamalignment"":1,""valuealignment"":1,""gamingresistance"":1,""experimentsensitivity"":1}","{""clv"":{""strategicfit"":5,""actionability"":5,""measurability"":5,""teamalignment"":5,""valuealignment"":5,""predictivepower"":5,""gamingresistance"":5,""experimentsensitivity"":5},""dau"":{""strategicfit"":4,""actionability"":5,""measurability"":5,""teamalignment"":1,""valuealignment"":5,""predictivepower"":5,""gamingresistance"":2,""experimentsensitivity"":5},""mrr"":{""strategicfit"":2,""actionability"":5,""measurability"":5,""teamalignment"":4,""valuealignment"":4,""predictivepower"":3,""gamingresistance"":4,""experimentsensitivity"":3},""nps"":{""strategicfit"":5,""actionability"":2,""measurability"":4,""teamalignment"":4,""valuealignment"":2,""predictivepower"":5,""gamingresistance"":2,""experimentsensitivity"":5},""retention"":{""strategicfit"":3,""actionability"":5,""measurability"":5,""teamalignment"":3,""valuealignment"":5,""predictivepower"":4,""gamingresistance"":2,""experimentsensitivity"":2},""featureadoption"":{""strategicfit"":""na"",""actionability"":2,""measurability"":4,""teamalignment"":4,""valuealignment"":5,""predictivepower"":2,""gamingresistance"":5,""experimentsensitivity"":""na""}}",null,leadership_decision,no,null,null,saas,series_b,BM1
8240d6bd-d5b1-4a05-b70f-de5aa32c1e53,2026-06-04 07:56:37.620679+00,product_manager,5to10,saas,italy,early_growth,2m_10m,51_200,4,use_regularly,4,3,use_regularly,4,4,4,Activated Paid Users per Month,7,7,6,6,6,5,6,7,value_alignment,gaming_resistance,"{""strategicfit"":2,""actionability"":3,""measurability"":2,""teamalignment"":3,""predictivepower"":3,""gamingresistance"":5,""experimentsensitivity"":3}","{""strategicfit"":4,""actionability"":3,""measurability"":4,""teamalignment"":3,""valuealignment"":5,""predictivepower"":3,""experimentsensitivity"":3}","{""clv"":{""strategicfit"":4,""actionability"":3,""measurability"":4,""teamalignment"":4,""valuealignment"":4,""predictivepower"":5,""gamingresistance"":4,""experimentsensitivity"":3},""dau"":{""strategicfit"":4,""actionability"":4,""measurability"":5,""teamalignment"":4,""valuealignment"":4,""predictivepower"":4,""gamingresistance"":3,""experimentsensitivity"":5},""mrr"":{""strategicfit"":5,""actionability"":4,""measurability"":5,""teamalignment"":4,""valuealignment"":4,""predictivepower"":5,""gamingresistance"":5,""experimentsensitivity"":3},""nps"":{""strategicfit"":3,""actionability"":3,""measurability"":4,""teamalignment"":4,""valuealignment"":3,""predictivepower"":3,""gamingresistance"":3,""experimentsensitivity"":2},""retention"":{""strategicfit"":5,""actionability"":4,""measurability"":5,""teamalignment"":5,""valuealignment"":5,""predictivepower"":5,""gamingresistance"":4,""experimentsensitivity"":4},""featureadoption"":{""strategicfit"":5,""actionability"":5,""measurability"":5,""teamalignment"":5,""valuealignment"":5,""predictivepower"":4,""gamingresistance"":4,""experimentsensitivity"":5}}","Activated Paid Users per Month, chosen because it combines product activation with revenue relevance and shows whether users are reaching meaningful value after becoming paying customers.",formal_process,yes,"The original metric focused too much on sign-ups, but it did not show whether users were actually getting value from the product. We changed it to focus more on activated paid users, because this better reflects adoption, retention, and long-term growth.","Our organization reviews its primary growth metric on a quarterly basis. We assess whether it continues to represent customer value, product adoption, and revenue growth. A key challenge is finding a metric that teams can directly act on while still serving as a reliable indicator of long-term business performance.",saas,series_a,BM1
50370142-8ed6-4ac1-8641-9713fdb6cc03,2026-06-04 08:07:02.289528+00,founder,2to5,ecommerce,western_europe,seed,lt500k,1_10,3,heard_not_use,2,2,use_occasionally,3,3,3,Monthly Completed Orders,7,6,6,5,5,4,5,6,value_alignment,gaming_resistance,"{""strategicfit"":2,""actionability"":2,""measurability"":2,""teamalignment"":3,""predictivepower"":3,""gamingresistance"":5,""experimentsensitivity"":3}","{""strategicfit"":4,""actionability"":4,""measurability"":4,""teamalignment"":3,""valuealignment"":5,""predictivepower"":3,""experimentsensitivity"":3}","{""clv"":{""strategicfit"":4,""actionability"":3,""measurability"":3,""teamalignment"":3,""valuealignment"":4,""predictivepower"":4,""gamingresistance"":3,""experimentsensitivity"":2},""dau"":{""strategicfit"":3,""actionability"":3,""measurability"":4,""teamalignment"":3,""valuealignment"":3,""predictivepower"":3,""gamingresistance"":3,""experimentsensitivity"":4},""mrr"":{""strategicfit"":""na"",""actionability"":""na"",""measurability"":""na"",""teamalignment"":""na"",""valuealignment"":""na"",""predictivepower"":""na"",""gamingresistance"":""na"",""experimentsensitivity"":""na""},""nps"":{""strategicfit"":3,""actionability"":2,""measurability"":3,""teamalignment"":3,""valuealignment"":3,""predictivepower"":3,""gamingresistance"":3,""experimentsensitivity"":2},""retention"":{""strategicfit"":5,""actionability"":4,""measurability"":4,""teamalignment"":4,""valuealignment"":4,""predictivepower"":5,""gamingresistance"":4,""experimentsensitivity"":3},""featureadoption"":{""strategicfit"":4,""actionability"":4,""measurability"":4,""teamalignment"":4,""valuealignment"":4,""predictivepower"":4,""gamingresistance"":3,""experimentsensitivity"":4}}","Completed Orders per Month, chosen because it directly reflects marketplace activity and shows whether buyers and sellers are successfully completing transactions.",leadership_decision,no,null,"At this stage, our main challenge is choosing a metric that is simple enough for the whole team to understand but still meaningful for long-term growth. We currently focus on completed orders, but we may later move toward retention or repeat purchase rate as the business becomes more mature.",marketplace,seed,BM2
174536d5-fa86-41fd-b434-11e54849d73d,2026-06-04 08:18:01.148233+00,data_analytics,5to10,healthtech,western_europe,early_growth,2m_10m,51_200,4,use_occasionally,3,4,heard_not_use,2,3,4,Completed Patient Onboarding Journeys,6,7,5,6,4,5,3,6,measurability,experiment_sensitivity,"{""strategicfit"":2,""actionability"":4,""teamalignment"":5,""valuealignment"":2,""predictivepower"":3,""gamingresistance"":4,""experimentsensitivity"":6}","{""strategicfit"":5,""actionability"":4,""measurability"":7,""teamalignment"":3,""valuealignment"":5,""predictivepower"":5,""gamingresistance"":4}","{""clv"":{""strategicfit"":4,""actionability"":2,""measurability"":3,""teamalignment"":3,""valuealignment"":4,""predictivepower"":5,""gamingresistance"":4,""experimentsensitivity"":2},""dau"":{""strategicfit"":3,""actionability"":3,""measurability"":5,""teamalignment"":4,""valuealignment"":3,""predictivepower"":3,""gamingresistance"":3,""experimentsensitivity"":4},""mrr"":{""strategicfit"":4,""actionability"":3,""measurability"":4,""teamalignment"":4,""valuealignment"":4,""predictivepower"":4,""gamingresistance"":5,""experimentsensitivity"":2},""nps"":{""strategicfit"":3,""actionability"":3,""measurability"":4,""teamalignment"":4,""valuealignment"":4,""predictivepower"":3,""gamingresistance"":3,""experimentsensitivity"":2},""retention"":{""strategicfit"":5,""actionability"":4,""measurability"":5,""teamalignment"":4,""valuealignment"":5,""predictivepower"":5,""gamingresistance"":4,""experimentsensitivity"":3},""featureadoption"":{""strategicfit"":5,""actionability"":4,""measurability"":5,""teamalignment"":4,""valuealignment"":5,""predictivepower"":4,""gamingresistance"":4,""experimentsensitivity"":4}}","Clinics onboarded per month. We chose this because many clinics sign up or request a demo, but only some of them actually complete the setup and start using the product regularly.",organic_data,yes,"The previous metric focused on demo requests, but many of those leads did not become active users. The company changed the metric to focus on completed onboarding because it better shows real adoption.","In our organization, the main difficulty is connecting product usage metrics with business outcomes. Some metrics are easy to track, but they do not always show whether customers are receiving real value from the product.",b2b,series_a,BM3
fe6b715e-43db-4aeb-8b62-7685cfac3c58,2026-06-04 08:25:56.053252+00,marketing_manager,2to5,ecommerce,italy,seed,lt500k,11_50,3,heard_not_use,2,2,use_occasionally,3,4,3,Repeat purchases per month,6,7,6,5,4,3,6,5,measurability,gaming_resistance,"{""strategicfit"":4,""actionability"":2,""teamalignment"":5,""valuealignment"":3,""predictivepower"":4,""gamingresistance"":7,""experimentsensitivity"":3}","{""strategicfit"":4,""actionability"":6,""measurability"":7,""teamalignment"":3,""valuealignment"":5,""predictivepower"":4,""experimentsensitivity"":5}","{""clv"":{""strategicfit"":4,""actionability"":3,""measurability"":3,""teamalignment"":3,""valuealignment"":4,""predictivepower"":4,""gamingresistance"":3,""experimentsensitivity"":2},""dau"":{""strategicfit"":3,""actionability"":4,""measurability"":5,""teamalignment"":3,""valuealignment"":3,""predictivepower"":3,""gamingresistance"":2,""experimentsensitivity"":5},""mrr"":{""strategicfit"":""na"",""actionability"":""na"",""measurability"":""na"",""teamalignment"":""na"",""valuealignment"":""na"",""predictivepower"":""na"",""gamingresistance"":""na"",""experimentsensitivity"":""na""},""nps"":{""strategicfit"":3,""actionability"":2,""measurability"":3,""teamalignment"":4,""valuealignment"":3,""predictivepower"":3,""gamingresistance"":3,""experimentsensitivity"":2},""retention"":{""strategicfit"":5,""actionability"":4,""measurability"":4,""teamalignment"":4,""valuealignment"":5,""predictivepower"":5,""gamingresistance"":4,""experimentsensitivity"":3},""featureadoption"":{""strategicfit"":3,""actionability"":4,""measurability"":4,""teamalignment"":3,""valuealignment"":3,""predictivepower"":3,""gamingresistance"":3,""experimentsensitivity"":4}}","For us, one first purchase is not enough. We care more about whether people come back and buy again without needing too much discounting.",leadership_decision,yes,"At the beginning we were mostly looking at new orders, but that pushed us to spend too much on acquisition. Later we realized repeat purchases were a better signal that customers actually liked the product.","We are still not very advanced with metrics. Some decisions are based on data, but sometimes we just react to campaign results or sales pressure. I think the main issue is that different teams look at different numbers, so it is not always clear which metric should guide priorities.",ecommerce,seed,BM2
49bfcb68-d30d-45d9-8181-8611741ecbb4,2026-06-05 08:06:56.61156+00,operations,5to10,Logistics/Delivery/Mobility,italy,early_growth,2m_10m,51_200,3,heard_not_use,2,3,use_occasionally,3,2,4,Successful deliveries per week,5,7,6,5,5,4,3,6,measurability,experiment_sensitivity,"{""strategicfit"":3,""actionability"":2,""teamalignment"":3,""valuealignment"":3,""predictivepower"":4,""gamingresistance"":5,""experimentsensitivity"":6}","{""strategicfit"":5,""actionability"":5,""measurability"":7,""teamalignment"":3,""valuealignment"":4,""predictivepower"":4,""gamingresistance"":2}","{""clv"":{""strategicfit"":3,""actionability"":2,""measurability"":3,""teamalignment"":3,""valuealignment"":3,""predictivepower"":4,""gamingresistance"":4,""experimentsensitivity"":2},""dau"":{""strategicfit"":2,""actionability"":3,""measurability"":4,""teamalignment"":3,""valuealignment"":2,""predictivepower"":2,""gamingresistance"":3,""experimentsensitivity"":3},""mrr"":{""strategicfit"":""na"",""actionability"":""na"",""measurability"":""na"",""teamalignment"":""na"",""valuealignment"":""na"",""predictivepower"":""na"",""gamingresistance"":""na"",""experimentsensitivity"":""na""},""nps"":{""strategicfit"":3,""actionability"":3,""measurability"":3,""teamalignment"":4,""valuealignment"":4,""predictivepower"":3,""gamingresistance"":3,""experimentsensitivity"":2},""retention"":{""strategicfit"":4,""actionability"":3,""measurability"":4,""teamalignment"":4,""valuealignment"":4,""predictivepower"":4,""gamingresistance"":4,""experimentsensitivity"":2},""featureadoption"":{""strategicfit"":2,""actionability"":3,""measurability"":4,""teamalignment"":3,""valuealignment"":2,""predictivepower"":2,""gamingresistance"":3,""experimentsensitivity"":3}}","In our case the main thing is whether the order actually reaches the customer on time. We track revenue too, but operations problems show up faster in delivery completion.",organic_data,yes,"Before, we looked mostly at number of orders placed. But that was not enough, because some orders were delayed or cancelled. So we started looking more at successful deliveries instead.","From the operations side, I care more about metrics that show where the process is breaking. Sometimes management focuses on growth numbers, but if delivery quality is not stable, those numbers do not mean much.",Transaction based,series_a,BM2
aa91a8f6-c04f-4d46-8a7b-e5d5ab61c032,2026-06-08 08:10:38.645144+00,Business Strategy Consultant,gt10,saas,western_europe,scale_up,10m_50m,201_500,4,use_regularly,4,3,use_regularly,4,3,5,Accounts reaching weekly active usage,6,6,5,7,5,4,3,7,predictive_power,experiment_sensitivity,"{""strategicfit"":2,""actionability"":4,""measurability"":2,""teamalignment"":4,""valuealignment"":3,""gamingresistance"":5,""experimentsensitivity"":6}","{""strategicfit"":5,""actionability"":3,""measurability"":5,""teamalignment"":3,""valuealignment"":4,""predictivepower"":7,""gamingresistance"":2}","{""clv"":{""strategicfit"":5,""actionability"":2,""measurability"":3,""teamalignment"":3,""valuealignment"":4,""predictivepower"":5,""gamingresistance"":4,""experimentsensitivity"":1},""dau"":{""strategicfit"":3,""actionability"":4,""measurability"":5,""teamalignment"":4,""valuealignment"":4,""predictivepower"":3,""gamingresistance"":3,""experimentsensitivity"":5},""mrr"":{""strategicfit"":5,""actionability"":3,""measurability"":5,""teamalignment"":4,""valuealignment"":5,""predictivepower"":5,""gamingresistance"":5,""experimentsensitivity"":2},""nps"":{""strategicfit"":3,""actionability"":2,""measurability"":4,""teamalignment"":4,""valuealignment"":3,""predictivepower"":3,""gamingresistance"":3,""experimentsensitivity"":2},""retention"":{""strategicfit"":5,""actionability"":4,""measurability"":5,""teamalignment"":5,""valuealignment"":5,""predictivepower"":5,""gamingresistance"":4,""experimentsensitivity"":3},""featureadoption"":{""strategicfit"":4,""actionability"":5,""measurability"":5,""teamalignment"":4,""valuealignment"":4,""predictivepower"":4,""gamingresistance"":3,""experimentsensitivity"":5}}","I usually prefer this over simple logins, because a company can have many users registered but only a few accounts actually using the product in a serious way.",formal_process,yes,"The old metric was too close to revenue only. It was useful for reporting, but it did not help product and customer success teams understand what to improve week by week.","In my view, companies often choose a metric that looks good in investor updates, but later realize it is not very practical internally. A good North Star Metric should connect strategy with daily work, but teams still end up following their own separate KPIs.",saas,series_b,BM1
dc4f7e67-643f-4039-ad17-66ec1cfa6340,2026-06-11 14:58:20.230877+00,growth_manager,2to5,saas,italy,early_growth,500k_2m,11_50,4,use_occasionally,3,3,use_regularly,4,4,4,Activated teams per month,6,7,7,5,5,4,6,6,actionability,gaming_resistance,"{""strategicfit"":3,""measurability"":2,""teamalignment"":4,""valuealignment"":3,""predictivepower"":4,""gamingresistance"":6,""experimentsensitivity"":2}","{""strategicfit"":4,""actionability"":7,""measurability"":5,""teamalignment"":3,""valuealignment"":4,""predictivepower"":3,""experimentsensitivity"":5}","{""clv"":{""strategicfit"":4,""actionability"":2,""measurability"":3,""teamalignment"":3,""valuealignment"":4,""predictivepower"":4,""gamingresistance"":4,""experimentsensitivity"":1},""dau"":{""strategicfit"":3,""actionability"":4,""measurability"":5,""teamalignment"":4,""valuealignment"":4,""predictivepower"":3,""gamingresistance"":2,""experimentsensitivity"":5},""mrr"":{""strategicfit"":5,""actionability"":3,""measurability"":5,""teamalignment"":4,""valuealignment"":4,""predictivepower"":5,""gamingresistance"":5,""experimentsensitivity"":2},""nps"":{""strategicfit"":3,""actionability"":2,""measurability"":3,""teamalignment"":3,""valuealignment"":3,""predictivepower"":3,""gamingresistance"":3,""experimentsensitivity"":2},""retention"":{""strategicfit"":5,""actionability"":4,""measurability"":4,""teamalignment"":4,""valuealignment"":5,""predictivepower"":5,""gamingresistance"":4,""experimentsensitivity"":3},""featureadoption"":{""strategicfit"":4,""actionability"":5,""measurability"":5,""teamalignment"":4,""valuealignment"":5,""predictivepower"":4,""gamingresistance"":3,""experimentsensitivity"":5}}","Activated teams per month, we do not just count new sign-ups, because many of them never invite teammates or set anything up. A team is counted only when they complete the basic setup and use at least one core feature.",Combination of leadership decision and product data,yes,"We used to focus on trial sign-ups, but it created pressure to bring in many low-quality leads. After a while, we saw that activation was a better signal because it showed whether people were actually starting to use the product.","For growth, the hard part is that every team wants a metric that supports their own work. Marketing likes acquisition numbers, product prefers activation, and sales cares about revenue. We are trying to use one main metric, but honestly, there are still side metrics that influence decisions a lot.",saas,series_a,BM1
c917a580-55c3-4dd4-8d52-920d9ec4e21b,2026-06-14 09:45:12.743106+00,ceo,gt10,media,italy,early_growth,500k_2m,11_50,3,heard_not_use,2,3,use_occasionally,3,3,3,Monthly engaged readers,7,6,5,6,6,5,4,7,value_alignment,experiment_sensitivity,"{""strategicfit"":2,""actionability"":4,""measurability"":3,""teamalignment"":2,""predictivepower"":2,""gamingresistance"":3,""experimentsensitivity"":6}","{""strategicfit"":6,""actionability"":3,""measurability"":4,""teamalignment"":5,""valuealignment"":7,""predictivepower"":5,""gamingresistance"":4}","{""clv"":{""strategicfit"":3,""actionability"":2,""measurability"":3,""teamalignment"":3,""valuealignment"":3,""predictivepower"":4,""gamingresistance"":3,""experimentsensitivity"":1},""dau"":{""strategicfit"":4,""actionability"":4,""measurability"":5,""teamalignment"":4,""valuealignment"":4,""predictivepower"":4,""gamingresistance"":3,""experimentsensitivity"":4},""mrr"":{""strategicfit"":""na"",""actionability"":""na"",""measurability"":""na"",""teamalignment"":""na"",""valuealignment"":""na"",""predictivepower"":""na"",""gamingresistance"":""na"",""experimentsensitivity"":""na""},""nps"":{""strategicfit"":4,""actionability"":2,""measurability"":3,""teamalignment"":4,""valuealignment"":4,""predictivepower"":3,""gamingresistance"":4,""experimentsensitivity"":1},""retention"":{""strategicfit"":5,""actionability"":3,""measurability"":4,""teamalignment"":4,""valuealignment"":5,""predictivepower"":5,""gamingresistance"":4,""experimentsensitivity"":2},""featureadoption"":{""strategicfit"":3,""actionability"":4,""measurability"":4,""teamalignment"":3,""valuealignment"":3,""predictivepower"":3,""gamingresistance"":3,""experimentsensitivity"":4}}",null,leadership_decision,yes,"At first we focused too much on total page views. It looked good in reports, but it did not always mean people cared about the content. We moved more toward engaged readers because it gives a better picture of loyalty.","For a media company, it is easy to chase traffic and short-term spikes. The difficult part is understanding whether people actually trust the brand and return regularly. We still look at page views, but I do not think they should be the main metric.",Advertising / Content monetization,series_a,OTHER
ac305ece-162f-4e99-a397-fcb44bc7b0ee,2026-06-27 13:33:00.159858+00,product_manager,2to5,EdTech / Online Learning,western_europe,seed,lt500k,11_50,3,use_occasionally,3,2,heard_not_use,2,3,3,Lessons completed per active learner,7,5,6,5,4,3,4,6,value_alignment,gaming_resistance,"{""strategicfit"":2,""actionability"":2,""measurability"":4,""teamalignment"":5,""predictivepower"":3,""gamingresistance"":6,""experimentsensitivity"":4}","{""strategicfit"":5,""actionability"":5,""measurability"":3,""teamalignment"":2,""valuealignment"":7,""predictivepower"":4,""experimentsensitivity"":3}","{""clv"":{""strategicfit"":3,""actionability"":2,""measurability"":3,""teamalignment"":3,""valuealignment"":3,""predictivepower"":4,""gamingresistance"":4,""experimentsensitivity"":1},""dau"":{""strategicfit"":3,""actionability"":4,""measurability"":5,""teamalignment"":3,""valuealignment"":3,""predictivepower"":3,""gamingresistance"":2,""experimentsensitivity"":4},""mrr"":{""strategicfit"":4,""actionability"":2,""measurability"":4,""teamalignment"":3,""valuealignment"":4,""predictivepower"":4,""gamingresistance"":5,""experimentsensitivity"":1},""nps"":{""strategicfit"":4,""actionability"":2,""measurability"":3,""teamalignment"":3,""valuealignment"":4,""predictivepower"":3,""gamingresistance"":3,""experimentsensitivity"":1},""retention"":{""strategicfit"":5,""actionability"":3,""measurability"":4,""teamalignment"":4,""valuealignment"":5,""predictivepower"":5,""gamingresistance"":4,""experimentsensitivity"":2},""featureadoption"":{""strategicfit"":4,""actionability"":5,""measurability"":4,""teamalignment"":4,""valuealignment"":4,""predictivepower"":3,""gamingresistance"":3,""experimentsensitivity"":5}}","Lessons completed per active learner. we use this because logging in does not really mean learning. Someone can open the app and leave after two minutes, so we care more about lesson completion.",Emerged organically from product usage data,no,null,"We are still early, so the metric is not perfect. Product looks at lesson completion, marketing still talks a lot about sign-ups, and founders look at revenue. We have not fully aligned around one number yet.",Freemium / Subscription,seed,BM1
dafdc85f-bc28-4fb3-8559-b51934b1efd8,2026-06-27 13:39:10.874792+00,data_analytics,5to10,HRTech / Recruitment,italy,early_growth,2m_10m,51_200,4,use_regularly,4,3,use_occasionally,3,3,5,Qualified candidate matches per month,6,7,5,6,4,6,3,6,measurability,experiment_sensitivity,"{""strategicfit"":3,""actionability"":4,""teamalignment"":5,""valuealignment"":3,""predictivepower"":2,""gamingresistance"":3,""experimentsensitivity"":6}","{""strategicfit"":5,""actionability"":3,""measurability"":7,""teamalignment"":2,""valuealignment"":5,""predictivepower"":5,""gamingresistance"":4}","{""clv"":{""strategicfit"":4,""actionability"":2,""measurability"":3,""teamalignment"":3,""valuealignment"":3,""predictivepower"":4,""gamingresistance"":4,""experimentsensitivity"":1},""dau"":{""strategicfit"":3,""actionability"":3,""measurability"":5,""teamalignment"":3,""valuealignment"":3,""predictivepower"":3,""gamingresistance"":2,""experimentsensitivity"":4},""mrr"":{""strategicfit"":5,""actionability"":2,""measurability"":5,""teamalignment"":3,""valuealignment"":4,""predictivepower"":5,""gamingresistance"":5,""experimentsensitivity"":1},""nps"":{""strategicfit"":3,""actionability"":2,""measurability"":3,""teamalignment"":3,""valuealignment"":3,""predictivepower"":3,""gamingresistance"":3,""experimentsensitivity"":1},""retention"":{""strategicfit"":4,""actionability"":3,""measurability"":4,""teamalignment"":4,""valuealignment"":4,""predictivepower"":5,""gamingresistance"":4,""experimentsensitivity"":2},""featureadoption"":{""strategicfit"":4,""actionability"":5,""measurability"":5,""teamalignment"":4,""valuealignment"":4,""predictivepower"":3,""gamingresistance"":3,""experimentsensitivity"":4}}","Qualified candidate matches per month, we don’t count every profile view as success. A match only matters when the company actually sees the candidate as relevant and moves them forward.",formal_process,yes,"Before, we looked at number of job applications. It was easy to grow, but many applications were not relevant. The team moved toward candidate matches because it is closer to the value our clients pay for.","The difficult part is defining “qualified” in a consistent way. Sales wants the number to look strong, but from the data side, we need strict rules; otherwise, the metric becomes too flexible and not very useful.",B2B SaaS / Subscription,series_a,BM3
3263d93d-1cf6-4772-8cfe-2bb18990fb49,2026-06-27 13:44:08.765126+00,founder,5to10,ClimateTech / Sustainability,western_europe,seed,500k_2m,11_50,3,heard_not_use,2,2,use_occasionally,3,2,3,Verified carbon reports generated,7,5,5,4,6,5,3,7,strategic_fit,experiment_sensitivity,"{""actionability"":4,""measurability"":4,""teamalignment"":3,""valuealignment"":2,""predictivepower"":5,""gamingresistance"":3,""experimentsensitivity"":6}","{""strategicfit"":7,""actionability"":4,""measurability"":3,""teamalignment"":5,""valuealignment"":6,""predictivepower"":2,""gamingresistance"":4}","{""clv"":{""strategicfit"":4,""actionability"":2,""measurability"":3,""teamalignment"":3,""valuealignment"":3,""predictivepower"":4,""gamingresistance"":4,""experimentsensitivity"":1},""dau"":{""strategicfit"":2,""actionability"":3,""measurability"":4,""teamalignment"":3,""valuealignment"":2,""predictivepower"":2,""gamingresistance"":3,""experimentsensitivity"":3},""mrr"":{""strategicfit"":5,""actionability"":2,""measurability"":5,""teamalignment"":4,""valuealignment"":4,""predictivepower"":4,""gamingresistance"":5,""experimentsensitivity"":1},""nps"":{""strategicfit"":4,""actionability"":2,""measurability"":3,""teamalignment"":4,""valuealignment"":4,""predictivepower"":3,""gamingresistance"":3,""experimentsensitivity"":1},""retention"":{""strategicfit"":4,""actionability"":3,""measurability"":4,""teamalignment"":4,""valuealignment"":4,""predictivepower"":4,""gamingresistance"":4,""experimentsensitivity"":2},""featureadoption"":{""strategicfit"":3,""actionability"":4,""measurability"":4,""teamalignment"":3,""valuealignment"":3,""predictivepower"":3,""gamingresistance"":3,""experimentsensitivity"":4}}","Verified carbon reports generated. we chose this because clients may log in or upload data, but the real value starts when they actually produce a report they can use.",leadership_decision,no,null,"We are still figuring it out. Investors ask about revenue and pipeline, but internally we care more about whether customers finish the reporting process. The problem is that some parts depend on client data quality, so the metric is not always fully under our control.",B2B SaaS / Subscription,seed,BM3
226e0d2a-f091-49d6-9659-92ec934bf4e9,2026-06-27 14:21:46.036336+00,Sales / Business Development Manager,5to10,Consulting / Professional Services,italy,mature,bootstrapped,51_200,2,heard_not_use,2,1,heard_not_use,2,2,3,Qualified client opportunities created,5,6,6,5,4,4,2,6,actionability,experiment_sensitivity,"{""strategicfit"":3,""measurability"":2,""teamalignment"":5,""valuealignment"":3,""predictivepower"":4,""gamingresistance"":4,""experimentsensitivity"":7}","{""strategicfit"":5,""actionability"":7,""measurability"":5,""teamalignment"":3,""valuealignment"":4,""predictivepower"":4,""gamingresistance"":3}","{""clv"":{""strategicfit"":5,""actionability"":3,""measurability"":3,""teamalignment"":3,""valuealignment"":5,""predictivepower"":5,""gamingresistance"":4,""experimentsensitivity"":1},""dau"":{""strategicfit"":""na"",""actionability"":""na"",""measurability"":""na"",""teamalignment"":""na"",""valuealignment"":""na"",""predictivepower"":""na"",""gamingresistance"":""na"",""experimentsensitivity"":""na""},""mrr"":{""strategicfit"":5,""actionability"":3,""measurability"":4,""teamalignment"":4,""valuealignment"":4,""predictivepower"":5,""gamingresistance"":5,""experimentsensitivity"":1},""nps"":{""strategicfit"":3,""actionability"":2,""measurability"":3,""teamalignment"":4,""valuealignment"":4,""predictivepower"":3,""gamingresistance"":3,""experimentsensitivity"":1},""retention"":{""strategicfit"":4,""actionability"":2,""measurability"":3,""teamalignment"":3,""valuealignment"":3,""predictivepower"":4,""gamingresistance"":4,""experimentsensitivity"":1},""featureadoption"":{""strategicfit"":""na"",""actionability"":""na"",""measurability"":""na"",""teamalignment"":""na"",""valuealignment"":""na"",""predictivepower"":""na"",""gamingresistance"":""na"",""experimentsensitivity"":""na""}}","Qualified client opportunities created. For us, just counting leads is not useful. A small number of serious opportunities is better than a long list of contacts that never become real projects.",leadership_decision,no,null,"We are not very formal with the “North Star” idea. Sales has pipeline targets, finance tracks revenue, and delivery teams look at utilization. I think one shared metric would help, but in services it is hard because quality and relationship depth matter a lot too.",b2b,series_b,BM3
0a92dacc-e79c-4a49-9b08-0a311d63a134,2026-06-27 14:27:19.112685+00,CTO / Technical Lead,gt10,saas,western_europe,seed,500k_2m,1_10,3,heard_not_use,2,2,use_occasionally,2,3,4,Projects successfully deployed,6,6,7,5,4,6,4,6,actionability,team_alignment,"{""strategicfit"":2,""measurability"":2,""teamalignment"":6,""valuealignment"":3,""predictivepower"":4,""gamingresistance"":3,""experimentsensitivity"":4}","{""strategicfit"":5,""actionability"":7,""measurability"":5,""valuealignment"":4,""predictivepower"":3,""gamingresistance"":4,""experimentsensitivity"":3}","{""clv"":{""strategicfit"":3,""actionability"":2,""measurability"":3,""teamalignment"":2,""valuealignment"":3,""predictivepower"":4,""gamingresistance"":4,""experimentsensitivity"":1},""dau"":{""strategicfit"":3,""actionability"":4,""measurability"":5,""teamalignment"":3,""valuealignment"":3,""predictivepower"":3,""gamingresistance"":2,""experimentsensitivity"":4},""mrr"":{""strategicfit"":4,""actionability"":2,""measurability"":5,""teamalignment"":3,""valuealignment"":4,""predictivepower"":4,""gamingresistance"":5,""experimentsensitivity"":1},""nps"":{""strategicfit"":3,""actionability"":2,""measurability"":2,""teamalignment"":3,""valuealignment"":3,""predictivepower"":3,""gamingresistance"":3,""experimentsensitivity"":1},""retention"":{""strategicfit"":4,""actionability"":3,""measurability"":4,""teamalignment"":3,""valuealignment"":4,""predictivepower"":5,""gamingresistance"":4,""experimentsensitivity"":2},""featureadoption"":{""strategicfit"":5,""actionability"":5,""measurability"":5,""teamalignment"":4,""valuealignment"":5,""predictivepower"":2,""gamingresistance"":3,""experimentsensitivity"":5}}","Projects successfully deployed, for our tool, signup numbers are not very meaningful. The useful moment is when a developer actually deploys something with it.",organic_data,yes,"We first looked at developer sign-ups, but many people just tested the tool once and never came back. Deployment felt like a better signal that the product was actually useful.",I think technical products need metrics that show real workflow completion. A developer opening the dashboard is not the same as trusting the product in a real project.,Freemium / Subscription,seed,BM1
bfb89a83-d209-40ae-8f6f-4b83066c0e0a,2026-06-27 14:34:11.67467+00,product_manager,5to10,Travel / Hospitality,italy,early_growth,2m_10m,51_200,4,use_occasionally,3,3,use_occasionally,3,4,4,Completed bookings from returning users,6,6,6,5,5,4,5,6,actionability,gaming_resistance,"{""strategicfit"":3,""measurability"":2,""teamalignment"":3,""valuealignment"":3,""predictivepower"":4,""gamingresistance"":6,""experimentsensitivity"":2}","{""strategicfit"":5,""actionability"":7,""measurability"":5,""teamalignment"":4,""valuealignment"":5,""predictivepower"":4,""experimentsensitivity"":5}","{""clv"":{""strategicfit"":4,""actionability"":3,""measurability"":3,""teamalignment"":3,""valuealignment"":4,""predictivepower"":4,""gamingresistance"":4,""experimentsensitivity"":2},""dau"":{""strategicfit"":3,""actionability"":4,""measurability"":5,""teamalignment"":3,""valuealignment"":3,""predictivepower"":3,""gamingresistance"":2,""experimentsensitivity"":4},""mrr"":{""strategicfit"":""na"",""actionability"":""na"",""measurability"":""na"",""teamalignment"":""na"",""valuealignment"":""na"",""predictivepower"":""na"",""gamingresistance"":""na"",""experimentsensitivity"":""na""},""nps"":{""strategicfit"":3,""actionability"":2,""measurability"":3,""teamalignment"":4,""valuealignment"":4,""predictivepower"":3,""gamingresistance"":3,""experimentsensitivity"":1},""retention"":{""strategicfit"":5,""actionability"":4,""measurability"":4,""teamalignment"":4,""valuealignment"":5,""predictivepower"":5,""gamingresistance"":4,""experimentsensitivity"":3},""featureadoption"":{""strategicfit"":3,""actionability"":4,""measurability"":4,""teamalignment"":3,""valuealignment"":3,""predictivepower"":3,""gamingresistance"":3,""experimentsensitivity"":4}}",Completed bookings from returning users. We look at this because one-time bookings can come from discounts or seasonal campaigns. Returning users tell us more about whether the product is actually useful.,Combination of leadership decision and product data,yes,"We used to focus on total bookings, but that number was heavily affected by campaigns and holidays. Returning bookings gave us a more stable view of real customer loyalty.","In travel, numbers can move a lot depending on seasonality. Because of that, we try not to overreact to one good or bad month, but it is still difficult when revenue pressure is high.",marketplace,series_a,BM2
a50f4cb9-dbd9-4dd6-b665-0ea45d2639a7,2026-06-27 14:41:03.701918+00,marketing_manager,2to5,consumer_app,western_europe,seed,500k_2m,11_50,3,heard_not_use,2,2,use_occasionally,3,4,3,Weekly users completing a session,6,6,7,4,5,3,6,5,actionability,gaming_resistance,"{""strategicfit"":4,""measurability"":2,""teamalignment"":4,""valuealignment"":3,""predictivepower"":5,""gamingresistance"":6,""experimentsensitivity"":2}","{""strategicfit"":3,""actionability"":7,""measurability"":5,""teamalignment"":3,""valuealignment"":4,""predictivepower"":2,""experimentsensitivity"":5}","{""clv"":{""strategicfit"":3,""actionability"":2,""measurability"":3,""teamalignment"":3,""valuealignment"":3,""predictivepower"":4,""gamingresistance"":4,""experimentsensitivity"":1},""dau"":{""strategicfit"":4,""actionability"":4,""measurability"":5,""teamalignment"":4,""valuealignment"":4,""predictivepower"":3,""gamingresistance"":2,""experimentsensitivity"":5},""mrr"":{""strategicfit"":4,""actionability"":2,""measurability"":5,""teamalignment"":3,""valuealignment"":4,""predictivepower"":4,""gamingresistance"":5,""experimentsensitivity"":1},""nps"":{""strategicfit"":3,""actionability"":2,""measurability"":3,""teamalignment"":3,""valuealignment"":3,""predictivepower"":3,""gamingresistance"":3,""experimentsensitivity"":1},""retention"":{""strategicfit"":5,""actionability"":3,""measurability"":4,""teamalignment"":4,""valuealignment"":5,""predictivepower"":5,""gamingresistance"":4,""experimentsensitivity"":3},""featureadoption"":{""strategicfit"":4,""actionability"":5,""measurability"":5,""teamalignment"":4,""valuealignment"":4,""predictivepower"":4,""gamingresistance"":3,""experimentsensitivity"":5}}","Weekly users completing a session. Downloads are nice, but many users open the app once and disappear. We care more about people who actually finish a full session.",Emerged organically from campaign and product data,yes,"We used to focus on installs, but paid campaigns made that number look better than it really was. Session completion gave us a better idea of actual engagement.","Marketing still looks at acquisition cost and installs every week, but I don’t think those numbers tell the full story. A campaign can bring users in, but if they don’t complete anything in the app, it is not really growth.",Freemium / Subscription,seed,BM1
794f9ef6-6e92-4d0d-acff-3335674a9bea,2026-06-27 14:54:01.931442+00,operations,2to5,FoodTech / Food delivery,italy,early_growth,500k_2m,11_50,3,heard_not_use,2,2,heard_not_use,2,3,3,Orders delivered without refund or complaint,6,6,7,4,5,5,3,5,actionability,experiment_sensitivity,"{""strategicfit"":4,""measurability"":2,""teamalignment"":4,""valuealignment"":3,""predictivepower"":5,""gamingresistance"":3,""experimentsensitivity"":6}","{""strategicfit"":3,""actionability"":7,""measurability"":5,""teamalignment"":3,""valuealignment"":4,""predictivepower"":2,""gamingresistance"":4}","{""clv"":{""strategicfit"":3,""actionability"":2,""measurability"":3,""teamalignment"":3,""valuealignment"":3,""predictivepower"":4,""gamingresistance"":4,""experimentsensitivity"":1},""dau"":{""strategicfit"":2,""actionability"":3,""measurability"":4,""teamalignment"":3,""valuealignment"":2,""predictivepower"":2,""gamingresistance"":2,""experimentsensitivity"":3},""mrr"":{""strategicfit"":""na"",""actionability"":""na"",""measurability"":""na"",""teamalignment"":""na"",""valuealignment"":""na"",""predictivepower"":""na"",""gamingresistance"":""na"",""experimentsensitivity"":""na""},""nps"":{""strategicfit"":3,""actionability"":3,""measurability"":3,""teamalignment"":4,""valuealignment"":4,""predictivepower"":3,""gamingresistance"":3,""experimentsensitivity"":2},""retention"":{""strategicfit"":4,""actionability"":3,""measurability"":4,""teamalignment"":5,""valuealignment"":4,""predictivepower"":4,""gamingresistance"":5,""experimentsensitivity"":2},""featureadoption"":{""strategicfit"":2,""actionability"":3,""measurability"":4,""teamalignment"":3,""valuealignment"":2,""predictivepower"":2,""gamingresistance"":3,""experimentsensitivity"":3}}","Orders delivered without refund or complaint, we use this more than simple order volume, because a bad delivery still counts as an order but creates support cost and damages trust.","Mostly from operational experience, not a formal framework",yes,"For a while, we only cared about completed orders. Later, we noticed that some “completed” orders still had refunds, late deliveries, or angry customers, so the number was too optimistic.","In food delivery, growth can look good from outside, but operations can become messy very fast. I think our main metric has to include quality, otherwise teams just push for more orders and ignore whether the experience is actually good.",marketplace,series_a,BM2
e9137d32-e34a-4f9c-9fed-fad2e69f4674,2026-06-27 15:02:42.912774+00,founder,2to5,AI / Productivity Software,western_europe,pre_seed,lt500k,1_10,2,heard_not_use,2,1,heard_not_use,1,3,3,Documents completed with AI assistance,7,5,6,4,4,3,5,6,value_alignment,gaming_resistance,"{""strategicfit"":2,""actionability"":2,""measurability"":4,""teamalignment"":5,""predictivepower"":5,""gamingresistance"":7,""experimentsensitivity"":3}","{""strategicfit"":5,""actionability"":5,""measurability"":3,""teamalignment"":2,""valuealignment"":7,""predictivepower"":2,""experimentsensitivity"":4}","{""clv"":{""strategicfit"":3,""actionability"":2,""measurability"":2,""teamalignment"":2,""valuealignment"":3,""predictivepower"":4,""gamingresistance"":4,""experimentsensitivity"":1},""dau"":{""strategicfit"":3,""actionability"":4,""measurability"":5,""teamalignment"":3,""valuealignment"":3,""predictivepower"":3,""gamingresistance"":2,""experimentsensitivity"":5},""mrr"":{""strategicfit"":4,""actionability"":2,""measurability"":5,""teamalignment"":3,""valuealignment"":4,""predictivepower"":4,""gamingresistance"":5,""experimentsensitivity"":1},""nps"":{""strategicfit"":3,""actionability"":2,""measurability"":4,""teamalignment"":3,""valuealignment"":3,""predictivepower"":3,""gamingresistance"":3,""experimentsensitivity"":1},""retention"":{""strategicfit"":5,""actionability"":3,""measurability"":3,""teamalignment"":4,""valuealignment"":5,""predictivepower"":5,""gamingresistance"":4,""experimentsensitivity"":3},""featureadoption"":{""strategicfit"":5,""actionability"":5,""measurability"":5,""teamalignment"":4,""valuealignment"":5,""predictivepower"":4,""gamingresistance"":3,""experimentsensitivity"":5}}","Documents completed with AI assistance. We don’t count just prompts or logins, because some people test the tool once and leave. A completed document is closer to the moment where the user actually gets something useful.","Mostly founder intuition, then checked with early usage data",no,null,"We are still early, so I would not say the metric is final. Right now we look at completed documents because it feels more meaningful than sign ups, but we still check activation, retention, and paid conversion separately.",Freemium / Subscription,pre_seed,BM1
a75a7bd9-a192-4e2e-ac47-7dfd2ffc3c02,2026-06-27 15:09:02.650678+00,ceo,5to10,B2B Marketplace / Platform,italy,early_growth,2m_10m,11_50,4,use_occasionally,3,3,use_occasionally,3,2,4,Repeat transactions between verified companies,7,6,5,6,5,6,3,7,strategic_fit,experiment_sensitivity,"{""actionability"":4,""measurability"":3,""teamalignment"":4,""valuealignment"":2,""predictivepower"":2,""gamingresistance"":3,""experimentsensitivity"":6}","{""strategicfit"":7,""actionability"":3,""measurability"":4,""teamalignment"":3,""valuealignment"":6,""predictivepower"":5,""gamingresistance"":4}","{""clv"":{""strategicfit"":5,""actionability"":2,""measurability"":3,""teamalignment"":3,""valuealignment"":4,""predictivepower"":5,""gamingresistance"":4,""experimentsensitivity"":1},""dau"":{""strategicfit"":2,""actionability"":3,""measurability"":4,""teamalignment"":3,""valuealignment"":2,""predictivepower"":2,""gamingresistance"":2,""experimentsensitivity"":3},""mrr"":{""strategicfit"":""na"",""actionability"":""na"",""measurability"":""na"",""teamalignment"":""na"",""valuealignment"":""na"",""predictivepower"":""na"",""gamingresistance"":""na"",""experimentsensitivity"":""na""},""nps"":{""strategicfit"":3,""actionability"":2,""measurability"":3,""teamalignment"":4,""valuealignment"":3,""predictivepower"":3,""gamingresistance"":3,""experimentsensitivity"":1},""retention"":{""strategicfit"":5,""actionability"":3,""measurability"":4,""teamalignment"":4,""valuealignment"":5,""predictivepower"":5,""gamingresistance"":4,""experimentsensitivity"":2},""featureadoption"":{""strategicfit"":3,""actionability"":3,""measurability"":4,""teamalignment"":3,""valuealignment"":3,""predictivepower"":3,""gamingresistance"":3,""experimentsensitivity"":3}}","Repeat transactions between verified companies, one transaction can happen because of sales effort. When the same companies come back and trade again, it is a better sign that the marketplace is working.","Leadership decision, based on investor discussions and internal data",yes,"We first tracked total transaction volume, but a few large deals made the numbers jump too much. Repeat transactions gave us a more stable view of whether customers actually found ongoing value.","For a marketplace, volume alone can be misleading. We care about liquidity and trust between both sides, so the metric needs to show repeat behavior, not just one-off activity.",marketplace,series_a,BM2
9d9c2d1c-0211-4d80-851f-b4e5e6f11826,2026-06-27 15:16:09.435533+00,Customer Success Manager,2to5,LegalTech / B2B Software,western_europe,early_growth,2m_10m,51_200,3,heard_not_use,3,2,use_occasionally,3,2,4,Active client matters managed,6,6,5,6,5,5,2,6,predictive_power,experiment_sensitivity,"{""strategicfit"":2,""actionability"":4,""measurability"":3,""teamalignment"":4,""valuealignment"":3,""gamingresistance"":3,""experimentsensitivity"":7}","{""strategicfit"":5,""actionability"":3,""measurability"":5,""teamalignment"":3,""valuealignment"":5,""predictivepower"":7,""gamingresistance"":4}","{""clv"":{""strategicfit"":4,""actionability"":2,""measurability"":3,""teamalignment"":3,""valuealignment"":4,""predictivepower"":5,""gamingresistance"":4,""experimentsensitivity"":1},""dau"":{""strategicfit"":3,""actionability"":3,""measurability"":5,""teamalignment"":3,""valuealignment"":3,""predictivepower"":3,""gamingresistance"":2,""experimentsensitivity"":3},""mrr"":{""strategicfit"":5,""actionability"":2,""measurability"":5,""teamalignment"":4,""valuealignment"":4,""predictivepower"":5,""gamingresistance"":5,""experimentsensitivity"":1},""nps"":{""strategicfit"":3,""actionability"":3,""measurability"":3,""teamalignment"":4,""valuealignment"":4,""predictivepower"":3,""gamingresistance"":3,""experimentsensitivity"":1},""retention"":{""strategicfit"":5,""actionability"":4,""measurability"":4,""teamalignment"":5,""valuealignment"":5,""predictivepower"":5,""gamingresistance"":4,""experimentsensitivity"":2},""featureadoption"":{""strategicfit"":4,""actionability"":4,""measurability"":5,""teamalignment"":4,""valuealignment"":4,""predictivepower"":4,""gamingresistance"":3,""experimentsensitivity"":4}}","Active client matters managed, for our customers, the product becomes valuable when legal teams actually manage real cases inside it. Logins alone don’t say much.",Mostly based on customer success feedback and product usage data,yes,"We used to look at active users, but some clients had many people logging in without using the platform for real work. Tracking active matters gives a clearer view of adoption.","From my side, the metric should help us see which accounts are healthy before renewal time. Revenue is important, of course, but in annual contracts you can miss problems for months if you only watch billing numbers.",saas,series_a,BM1
298d4e41-cc13-4bbf-b213-748d0c1ae684,2026-06-27 15:22:54.876953+00,product_manager,5to10,fintech,north_america,scale_up,gt50m,201_500,4,use_regularly,4,4,use_regularly,5,4,5,Monthly funded accounts,6,7,6,7,5,6,4,7,predictive_power,experiment_sensitivity,"{""strategicfit"":2,""actionability"":3,""measurability"":2,""teamalignment"":4,""valuealignment"":3,""gamingresistance"":3,""experimentsensitivity"":6}","{""strategicfit"":6,""actionability"":4,""measurability"":6,""teamalignment"":3,""valuealignment"":5,""predictivepower"":7,""gamingresistance"":5}","{""clv"":{""strategicfit"":5,""actionability"":2,""measurability"":3,""teamalignment"":3,""valuealignment"":4,""predictivepower"":5,""gamingresistance"":4,""experimentsensitivity"":1},""dau"":{""strategicfit"":3,""actionability"":3,""measurability"":5,""teamalignment"":3,""valuealignment"":3,""predictivepower"":3,""gamingresistance"":2,""experimentsensitivity"":4},""mrr"":{""strategicfit"":""na"",""actionability"":""na"",""measurability"":""na"",""teamalignment"":""na"",""valuealignment"":""na"",""predictivepower"":""na"",""gamingresistance"":""na"",""experimentsensitivity"":""na""},""nps"":{""strategicfit"":3,""actionability"":2,""measurability"":3,""teamalignment"":4,""valuealignment"":3,""predictivepower"":3,""gamingresistance"":3,""experimentsensitivity"":1},""retention"":{""strategicfit"":5,""actionability"":4,""measurability"":4,""teamalignment"":4,""valuealignment"":5,""predictivepower"":5,""gamingresistance"":4,""experimentsensitivity"":3},""featureadoption"":{""strategicfit"":4,""actionability"":5,""measurability"":5,""teamalignment"":4,""valuealignment"":4,""predictivepower"":4,""gamingresistance"":3,""experimentsensitivity"":5}}","Monthly funded accounts / an account only really matters to us after the user adds money and starts using it. Sign-ups are too easy to inflate, especially with paid acquisition.",formal_process,yes,"We used to track new accounts opened, but too many users stopped before funding the account. It made acquisition look stronger than it actually was.","In fintech, I think the metric has to separate curiosity from real intent. A user can register in two minutes, but funding the account is a much stronger signal that they trust the product.",Transaction-based,series_b,BM2
69abb078-3bd8-45e3-b8f5-c74b260b7df2,2026-06-27 15:29:27.969761+00,growth_manager,5to10,ecommerce,latin_america,early_growth,2m_10m,51_200,4,use_occasionally,3,3,use_regularly,4,5,4,Repeat orders from active customers,6,7,5,5,5,4,6,6,actionability,gaming_resistance,"{""strategicfit"":3,""measurability"":2,""teamalignment"":4,""valuealignment"":3,""predictivepower"":4,""gamingresistance"":6,""experimentsensitivity"":2}","{""strategicfit"":4,""actionability"":7,""measurability"":6,""teamalignment"":3,""valuealignment"":5,""predictivepower"":4,""experimentsensitivity"":5}","{""clv"":{""strategicfit"":4,""actionability"":3,""measurability"":3,""teamalignment"":3,""valuealignment"":4,""predictivepower"":4,""gamingresistance"":4,""experimentsensitivity"":2},""dau"":{""strategicfit"":3,""actionability"":4,""measurability"":5,""teamalignment"":3,""valuealignment"":3,""predictivepower"":3,""gamingresistance"":2,""experimentsensitivity"":5},""mrr"":{""strategicfit"":""na"",""actionability"":""na"",""measurability"":""na"",""teamalignment"":""na"",""valuealignment"":""na"",""predictivepower"":""na"",""gamingresistance"":""na"",""experimentsensitivity"":""na""},""nps"":{""strategicfit"":3,""actionability"":2,""measurability"":3,""teamalignment"":3,""valuealignment"":3,""predictivepower"":3,""gamingresistance"":3,""experimentsensitivity"":1},""retention"":{""strategicfit"":5,""actionability"":4,""measurability"":4,""teamalignment"":4,""valuealignment"":5,""predictivepower"":5,""gamingresistance"":4,""experimentsensitivity"":3},""featureadoption"":{""strategicfit"":2,""actionability"":3,""measurability"":4,""teamalignment"":3,""valuealignment"":2,""predictivepower"":2,""gamingresistance"":3,""experimentsensitivity"":3}}","Repeat orders from active customers, new buyers are important, but in our market discounts can bring a lot of one-time orders. Repeat orders tell us more about whether customers actually trust the service.",Combination of growth experiments and leadership discussion,yes,"We used to focus on total orders, but promotions made that number unstable. A campaign could look successful for one week and then disappear. Repeat orders gave us a better signal.","For us, the biggest issue is separating real growth from promotion-driven growth. We still use discounts, but we try not to judge success only from the first purchase.",ecommerce,series_a,BM2
b8daf1f8-80bb-44a6-ba79-a0ec58fadf2e,2026-06-27 15:34:16.92791+00,operations,5to10,HealthTech / Digital Healthcare,mea,early_growth,2m_10m,51_200,3,heard_not_use,2,3,use_occasionally,3,2,4,Completed patient consultations,7,6,6,5,5,5,3,6,value_alignment,experiment_sensitivity,"{""strategicfit"":2,""actionability"":2,""measurability"":3,""teamalignment"":4,""predictivepower"":4,""gamingresistance"":3,""experimentsensitivity"":6}","{""strategicfit"":5,""actionability"":5,""measurability"":5,""teamalignment"":3,""valuealignment"":7,""predictivepower"":3,""gamingresistance"":4}","{""clv"":{""strategicfit"":3,""actionability"":2,""measurability"":3,""teamalignment"":3,""valuealignment"":3,""predictivepower"":4,""gamingresistance"":4,""experimentsensitivity"":1},""dau"":{""strategicfit"":3,""actionability"":3,""measurability"":5,""teamalignment"":3,""valuealignment"":3,""predictivepower"":3,""gamingresistance"":2,""experimentsensitivity"":3},""mrr"":{""strategicfit"":""na"",""actionability"":""na"",""measurability"":""na"",""teamalignment"":""na"",""valuealignment"":""na"",""predictivepower"":""na"",""gamingresistance"":""na"",""experimentsensitivity"":""na""},""nps"":{""strategicfit"":4,""actionability"":3,""measurability"":3,""teamalignment"":4,""valuealignment"":4,""predictivepower"":3,""gamingresistance"":3,""experimentsensitivity"":1},""retention"":{""strategicfit"":5,""actionability"":3,""measurability"":4,""teamalignment"":5,""valuealignment"":5,""predictivepower"":5,""gamingresistance"":4,""experimentsensitivity"":2},""featureadoption"":{""strategicfit"":3,""actionability"":4,""measurability"":4,""teamalignment"":3,""valuealignment"":3,""predictivepower"":3,""gamingresistance"":3,""experimentsensitivity"":3}}","Completed patient consultations, appointment bookings alone are not enough for us. We care more about whether the consultation actually happens, because cancellations and no-shows are a real issue.",Mostly from operational reporting and leadership discussion,yes,"We were tracking booked appointments before, but too many bookings were cancelled or missed. Completed consultations gave us a cleaner picture of real service delivery.","Healthcare metrics can be tricky because growth is not only about volume. If the patient experience is poor or doctors are overloaded, more bookings can actually create problems.",Transaction-based,series_a,BM2
0f53dc20-fa2c-4dde-8384-4b9d4ca60a13,2026-06-27 15:46:34.53538+00,data_analytics,2to5,Gaming / Entertainment,apac,scale_up,10m_50m,201_500,4,use_regularly,4,4,use_regularly,4,5,5,Weekly retained players,5,7,6,7,4,6,6,5,predictive_power,team_alignment,"{""strategicfit"":4,""actionability"":3,""measurability"":2,""teamalignment"":6,""valuealignment"":4,""gamingresistance"":3,""experimentsensitivity"":2}","{""strategicfit"":3,""actionability"":5,""measurability"":6,""valuealignment"":3,""predictivepower"":7,""gamingresistance"":4,""experimentsensitivity"":5}","{""clv"":{""strategicfit"":4,""actionability"":2,""measurability"":3,""teamalignment"":3,""valuealignment"":4,""predictivepower"":5,""gamingresistance"":4,""experimentsensitivity"":1},""dau"":{""strategicfit"":4,""actionability"":4,""measurability"":5,""teamalignment"":4,""valuealignment"":4,""predictivepower"":4,""gamingresistance"":2,""experimentsensitivity"":5},""mrr"":{""strategicfit"":""na"",""actionability"":""na"",""measurability"":""na"",""teamalignment"":""na"",""valuealignment"":""na"",""predictivepower"":""na"",""gamingresistance"":""na"",""experimentsensitivity"":""na""},""nps"":{""strategicfit"":2,""actionability"":1,""measurability"":3,""teamalignment"":3,""valuealignment"":2,""predictivepower"":2,""gamingresistance"":3,""experimentsensitivity"":1},""retention"":{""strategicfit"":5,""actionability"":4,""measurability"":5,""teamalignment"":4,""valuealignment"":5,""predictivepower"":5,""gamingresistance"":4,""experimentsensitivity"":4},""featureadoption"":{""strategicfit"":4,""actionability"":5,""measurability"":5,""teamalignment"":4,""valuealignment"":4,""predictivepower"":4,""gamingresistance"":3,""experimentsensitivity"":5}}","Weekly retained players / DAU can move up after an event or ad campaign, but retention shows if players still want to come back after the first few sessions.",formal_process,yes,"We used to focus on daily active players, but live events made that number jump temporarily. Weekly retention was more useful for understanding whether the game had real staying power.","In gaming, it is easy to optimize for short-term engagement and hurt the long-term experience. We still track revenue carefully, but if retention drops, monetization numbers usually follow later.",Freemium / In-app purchases,series_b,BM2
555c5e63-73e4-4c5e-97fd-91b6cb726d94,2026-06-27 15:52:12.352633+00,founder,5to10,Real Estate / PropTech,Middle East,seed,500k_2m,11_50,3,heard_not_use,2,2,use_occasionally,2,2,3,Verified property inquiries,6,6,5,5,4,7,3,6,gaming_resistance,experiment_sensitivity,"{""strategicfit"":2,""actionability"":4,""measurability"":3,""teamalignment"":5,""valuealignment"":3,""predictivepower"":4,""experimentsensitivity"":6}","{""strategicfit"":5,""actionability"":3,""measurability"":4,""teamalignment"":2,""valuealignment"":5,""predictivepower"":3,""gamingresistance"":7}","{""clv"":{""strategicfit"":3,""actionability"":2,""measurability"":2,""teamalignment"":3,""valuealignment"":3,""predictivepower"":4,""gamingresistance"":4,""experimentsensitivity"":1},""dau"":{""strategicfit"":2,""actionability"":3,""measurability"":4,""teamalignment"":3,""valuealignment"":2,""predictivepower"":2,""gamingresistance"":2,""experimentsensitivity"":3},""mrr"":{""strategicfit"":""na"",""actionability"":""na"",""measurability"":""na"",""teamalignment"":""na"",""valuealignment"":""na"",""predictivepower"":""na"",""gamingresistance"":""na"",""experimentsensitivity"":""na""},""nps"":{""strategicfit"":3,""actionability"":2,""measurability"":3,""teamalignment"":3,""valuealignment"":3,""predictivepower"":3,""gamingresistance"":3,""experimentsensitivity"":1},""retention"":{""strategicfit"":4,""actionability"":3,""measurability"":3,""teamalignment"":3,""valuealignment"":4,""predictivepower"":4,""gamingresistance"":4,""experimentsensitivity"":2},""featureadoption"":{""strategicfit"":3,""actionability"":4,""measurability"":4,""teamalignment"":3,""valuealignment"":3,""predictivepower"":3,""gamingresistance"":3,""experimentsensitivity"":3}}","Verified property inquiries, we get many casual clicks, but only some users send serious inquiries with enough details. That is closer to real demand.","Founder decision, based on sales and marketplace activity",yes,"We used to count all inquiries, but agents complained that many were low quality or fake. So we started filtering for verified inquiries.","In property marketplaces, volume can look impressive, but quality matters more. If agents receive bad leads, they stop trusting the platform.",marketplace,seed,BM2
005ee01d-b7b1-4bcc-93c0-72df6edaf4af,2026-06-27 15:57:41.010249+00,marketing_manager,5to10,media,north_america,mature,bootstrapped,51_200,3,heard_not_use,2,2,use_occasionally,3,3,3,Returning subscribers reading weekly,6,5,5,6,4,5,3,6,predictive_power,experiment_sensitivity,"{""strategicfit"":2,""actionability"":4,""measurability"":4,""teamalignment"":5,""valuealignment"":3,""gamingresistance"":3,""experimentsensitivity"":6}","{""strategicfit"":5,""actionability"":3,""measurability"":3,""teamalignment"":2,""valuealignment"":5,""predictivepower"":7,""gamingresistance"":4}","{""clv"":{""strategicfit"":4,""actionability"":2,""measurability"":3,""teamalignment"":3,""valuealignment"":4,""predictivepower"":5,""gamingresistance"":4,""experimentsensitivity"":1},""dau"":{""strategicfit"":3,""actionability"":4,""measurability"":5,""teamalignment"":4,""valuealignment"":4,""predictivepower"":3,""gamingresistance"":2,""experimentsensitivity"":4},""mrr"":{""strategicfit"":5,""actionability"":2,""measurability"":5,""teamalignment"":3,""valuealignment"":4,""predictivepower"":5,""gamingresistance"":5,""experimentsensitivity"":1},""nps"":{""strategicfit"":3,""actionability"":2,""measurability"":3,""teamalignment"":4,""valuealignment"":3,""predictivepower"":3,""gamingresistance"":3,""experimentsensitivity"":1},""retention"":{""strategicfit"":5,""actionability"":3,""measurability"":4,""teamalignment"":4,""valuealignment"":5,""predictivepower"":5,""gamingresistance"":4,""experimentsensitivity"":2},""featureadoption"":{""strategicfit"":2,""actionability"":3,""measurability"":3,""teamalignment"":3,""valuealignment"":2,""predictivepower"":2,""gamingresistance"":3,""experimentsensitivity"":3}}","Returning subscribers reading weekly, paid subscribers are important, but if they stop reading regularly, churn usually shows up later. So we watch weekly reading behavior before renewal problems appear.",Emerged from retention and subscription data,yes,"We used to focus on new paid subscriptions. It looked good during campaigns, but some people cancelled after a short time. Weekly reading activity was a better early warning.","Content teams still like page views, and marketing likes new subscribers. But from my side, if subscribers do not build a habit, the business is not really healthy.",Subscription / Content monetization,series_b,BM1
df83ceb5-be34-4d04-9e44-75cff48dcd37,2026-06-27 16:03:16.84705+00,ceo,5to10,saas,eastern_europe,early_growth,500k_2m,11_50,3,heard_not_use,3,2,use_occasionally,3,3,4,Teams completing their first workflow,6,6,7,5,5,4,4,6,actionability,gaming_resistance,"{""strategicfit"":3,""measurability"":2,""teamalignment"":3,""valuealignment"":3,""predictivepower"":4,""gamingresistance"":6,""experimentsensitivity"":4}","{""strategicfit"":5,""actionability"":7,""measurability"":5,""teamalignment"":4,""valuealignment"":5,""predictivepower"":4,""experimentsensitivity"":3}","{""clv"":{""strategicfit"":4,""actionability"":2,""measurability"":3,""teamalignment"":3,""valuealignment"":3,""predictivepower"":4,""gamingresistance"":4,""experimentsensitivity"":1},""dau"":{""strategicfit"":3,""actionability"":4,""measurability"":5,""teamalignment"":3,""valuealignment"":3,""predictivepower"":3,""gamingresistance"":2,""experimentsensitivity"":4},""mrr"":{""strategicfit"":5,""actionability"":2,""measurability"":5,""teamalignment"":4,""valuealignment"":4,""predictivepower"":5,""gamingresistance"":5,""experimentsensitivity"":1},""nps"":{""strategicfit"":3,""actionability"":2,""measurability"":3,""teamalignment"":3,""valuealignment"":3,""predictivepower"":3,""gamingresistance"":3,""experimentsensitivity"":1},""retention"":{""strategicfit"":5,""actionability"":4,""measurability"":4,""teamalignment"":4,""valuealignment"":5,""predictivepower"":5,""gamingresistance"":4,""experimentsensitivity"":3},""featureadoption"":{""strategicfit"":4,""actionability"":5,""measurability"":5,""teamalignment"":4,""valuealignment"":5,""predictivepower"":4,""gamingresistance"":3,""experimentsensitivity"":5}}","Teams completing their first workflow. For us, activation matters more than sign-ups. A team only starts to see value when they build and finish a real workflow, not just create an account.","Mostly from product usage data, then discussed by leadership",yes,"We used to track trial sign-ups, but many trials never reached the setup stage. The first completed workflow showed us much better who was likely to continue.","We are still improving how we use metrics. Sales cares about pipeline and revenue, product cares about activation, and support sees different problems after onboarding. The main metric helps, but it does not solve all alignment issues.",saas,series_a,BM1
